<?xml version='1.0' encoding='UTF-8' ?>
<timeLogEntries>
  <time id="1" path="/Project" start="@1613948309826" delta="1" interrupt="6" />
  <time id="2" path="/Project" start="@1613948915204" delta="150" interrupt="12" />
  <time id="3" path="/Non Project/PSP Training/Program 1/Planning" start="@1614198839000" />
  <time id="4" path="/Non Project/PSP Training/Program 1/Design" start="@1614198894496" />
  <time id="5" path="/Non Project/PSP Training/Program 1/Code" start="@1614198897429" />
  <time id="6" path="/Non Project/PSP Training/Program 1/Design" start="@1614198906346" />
  <time id="7" path="/Non Project/PSP Training/Program 1/Postmortem" start="@1614198914000" />
  <time id="8" path="/Non Project/PSP Training/Program 1/Test" start="@1614198919536" />
  <time id="9" path="/Non Project/PSP Training/Program 1/Code" start="@1614199316572" />
  <time id="10" path="/Non Project/PSP Training/Program 1/Code" start="@1614199320199" />
  <time id="11" path="/Non Project/PSP Training/Program 1/Test" start="@1614199331024" />
  <time id="12" path="/Non Project/PSP Training/Program 1/Postmortem" start="@1614199334898" />
  <time id="13" path="/Non Project/PSP Training/Program 2/Planning" start="@1614788481375" delta="35" />
  <time id="14" path="/Non Project/PSP Training/Program 2/Planning" start="@1615144622819" delta="24" />
  <time id="15" path="/Non Project/PSP Training/Program 2/Planning" start="@1615146899791" delta="16" />
  <time id="16" path="/Non Project/PSP Training/Program 2/Planning" start="@1615148189481" delta="31" />
  <time id="17" path="/Non Project/PSP Training/Program 2/Design" start="@1615150071832" delta="8" />
  <time id="18" path="/Non Project/PSP Training/Program 2/Design" start="@1615151467737" delta="38" />
  <time id="19" path="/Non Project/PSP Training/Program 2/Design" start="@1615154701817" delta="19" />
  <time id="20" path="/Non Project/PSP Training/Program 2/Code" start="@1615157602471" delta="77" />
  <time id="21" path="/Non Project/PSP Training/Program 2/Code" start="@1615165208850" delta="80" interrupt="6" />
</timeLogEntries>
