<?xml version='1.0' encoding='UTF-8' ?>
<timeLogEntries>
  <time id="1" path="/Project" start="@1613948309826" delta="1" interrupt="6" />
  <time id="2" path="/Project" start="@1613948915204" delta="150" interrupt="12" />
  <time id="3" path="/Non Project/PSP Training/Program 1/Planning" start="@1614198839000" />
  <time id="4" path="/Non Project/PSP Training/Program 1/Design" start="@1614198894496" />
  <time id="5" path="/Non Project/PSP Training/Program 1/Code" start="@1614198897429" />
  <time id="6" path="/Non Project/PSP Training/Program 1/Design" start="@1614198906346" />
  <time id="7" path="/Non Project/PSP Training/Program 1/Postmortem" start="@1614198914000" />
  <time id="8" path="/Non Project/PSP Training/Program 1/Test" start="@1614198919536" />
  <time id="9" path="/Non Project/PSP Training/Program 1/Code" start="@1614199316572" />
  <time id="10" path="/Non Project/PSP Training/Program 1/Code" start="@1614199320199" />
  <time id="11" path="/Non Project/PSP Training/Program 1/Test" start="@1614199331024" />
  <time id="12" path="/Non Project/PSP Training/Program 1/Postmortem" start="@1614199334898" />
  <time id="13" path="/Non Project/PSP Training/Program 2/Planning" start="@1614788481375" delta="35" />
  <time id="14" path="/Non Project/PSP Training/Program 2/Planning" start="@1615144622819" delta="24" />
  <time id="15" path="/Non Project/PSP Training/Program 2/Planning" start="@1615146899791" delta="16" />
  <time id="16" path="/Non Project/PSP Training/Program 2/Planning" start="@1615148189481" delta="31" />
  <time id="17" path="/Non Project/PSP Training/Program 2/Design" start="@1615150071832" delta="8" />
  <time id="18" path="/Non Project/PSP Training/Program 2/Design" start="@1615151467737" delta="38" />
  <time id="19" path="/Non Project/PSP Training/Program 2/Design" start="@1615154701817" delta="19" />
  <time id="20" path="/Non Project/PSP Training/Program 2/Code" start="@1615157602471" delta="77" />
  <time id="21" path="/Non Project/PSP Training/Program 2/Code" start="@1615165208850" delta="80" interrupt="6" />
  <time id="22" path="/Non Project/PSP Training/Program 2/Code" start="@1615332559239" delta="5" />
  <time id="23" path="/Non Project/PSP Training/Program 2/Code" start="@1615333249965" delta="14" />
  <time id="24" path="/Non Project/PSP Training/Program 2/Design" start="@1615344381293" delta="12" />
  <time id="25" path="/Non Project/PSP Training/Program 2/Code" start="@1615345225056" delta="6" />
  <time id="26" path="/Non Project/PSP Training/Program 2/Postmortem" start="@1615353368515" delta="5" />
  <time id="28" path="/Non Project/PSP Training/Program 2/Test" start="@1615356808972" delta="2" />
  <time id="29" path="/Non Project/PSP Training/Program 2/Test" start="@1615602452949" delta="2" />
  <time id="30" path="/Non Project/PSP Training/Program 2/Code" start="@1615608829577" delta="5" interrupt="1" />
  <time id="31" path="/Non Project/PSP Training/Program 2/Postmortem" start="@1615609466168" delta="10" interrupt="4" />
  <time id="32" path="/Non Project/PSP Training/Program 3/Planning" start="@1615848792392" delta="26" interrupt="22" />
  <time id="33" path="/Non Project/PSP Training/Program 3/Design" start="@1615851858893" delta="28" interrupt="2" />
  <time id="34" path="/Non Project/PSP Training/Program 3/Design" start="@1615855176712" delta="40" />
  <time id="35" path="/Non Project/PSP Training/Program 3/Design Review" start="@1615857939697" delta="37" />
  <time id="36" path="/Non Project/PSP Training/Program 3/Code" start="@1615860543249" delta="139" interrupt="12" />
  <time id="37" path="/Non Project/PSP Training/Program 3/Code Review" start="@1615920173812" delta="17" />
</timeLogEntries>
